{
	"partitions" : [
		{
			"name" : "Top",
			"pins" : [
				{
					"name" : "DAC_SDI",
					"strict" : false
				},
				{
					"name" : "DAC_SCK",
					"strict" : false
				},
				{
					"name" : "DAC_CS",
					"strict" : false
				},
				{
					"name" : "DAC_LD",
					"strict" : false
				},
				{
					"name" : "ADC_SDI",
					"strict" : false
				},
				{
					"name" : "ADC_SCK",
					"strict" : false
				},
				{
					"name" : "ADC_CS",
					"strict" : false
				},
				{
					"name" : "PWM_OUT",
					"strict" : false
				},
				{
					"name" : "CLOCK_50",
					"strict" : false
				},
				{
					"name" : "SW[3]",
					"strict" : false
				},
				{
					"name" : "SW[2]",
					"strict" : false
				},
				{
					"name" : "SW[0]",
					"strict" : false
				},
				{
					"name" : "SW[1]",
					"strict" : false
				},
				{
					"name" : "ADC_SDO",
					"strict" : false
				}
			]
		}
	]
}